날짜,시가,고가,저가,종가,거래량,등락률
2020-09-10,48000,62400,48000,62400,561750,
2020-09-11,81100,81100,81100,81100,5013124,29.967948717948715
2020-09-14,86500,89100,73400,73800,20213705,-9.001233045622687
2020-09-15,69900,71200,67100,67500,8309414,-8.536585365853659
2020-09-16,66200,69500,65400,66300,5054826,-1.7777777777777777
2020-09-17,67000,67800,64600,64600,2373993,-2.564102564102564
2020-09-18,65400,65700,62800,63400,1914512,-1.8575851393188854
2020-09-21,63400,63400,59000,59500,2796724,-6.151419558359621
2020-09-22,59400,59400,55700,55800,2177965,-6.218487394957983
2020-09-23,56500,58500,55700,55800,2348911,0.0
2020-09-24,54100,54700,51200,51200,1817508,-8.24372759856631
2020-09-25,51800,52700,50000,50200,1460915,-1.953125
2020-09-28,51000,52300,50300,51200,1175400,1.9920318725099602
2020-09-29,51900,59000,51600,56200,5973601,9.765625
2020-10-05,55400,55700,53500,54200,1084588,-3.558718861209965
2020-10-06,54500,56300,54100,54300,1108491,0.18450184501845018
2020-10-07,54200,55000,53600,54500,486108,0.3683241252302026
2020-10-08,53100,54000,53000,53000,1074274,-2.7522935779816518
2020-10-12,45350,49800,45300,49100,6330061,-7.3584905660377355
2020-10-13,49650,50700,48550,49150,1845095,0.10183299389002036
2020-10-14,49300,49550,48000,48250,1094816,-1.8311291963377416
2020-10-15,48000,48150,45750,46300,1556423,-4.041450777202073
2020-10-16,46100,46900,45500,45850,899954,-0.9719222462203023
2020-10-19,45850,46350,45000,45050,678392,-1.7448200654307526
2020-10-20,44500,45400,44000,44750,807867,-0.6659267480577136
2020-10-21,45000,47300,44950,46650,1359297,4.245810055865921
2020-10-22,47000,47300,46300,46500,657267,-0.3215434083601286
2020-10-23,46400,46750,45450,45500,512008,-2.1505376344086025
2020-10-26,45200,45350,44050,44100,575048,-3.076923076923077
2020-10-27,43700,44600,42950,44050,422999,-0.11337868480725624
2020-10-28,43950,44950,43950,44650,404797,1.362088535754824
2020-10-29,44000,44850,43850,44600,359512,-0.11198208286674133
2020-10-30,44950,46600,44550,45150,720458,1.2331838565022422
2020-11-02,45500,46350,45500,46250,468995,2.436323366555925
2020-11-03,46800,47300,46450,46950,645299,1.5135135135135136
2020-11-04,47550,47700,46450,47000,711933,0.10649627263045794
2020-11-05,47650,49700,47300,48950,1694857,4.148936170212766
2020-11-06,49700,50700,49000,49150,1131914,0.40858018386108275
2020-11-09,50100,50400,49500,50000,769608,1.7293997965412005
2020-11-10,49200,49400,48550,48900,691857,-2.1999999999999997
2020-11-11,48850,48850,47650,48350,562943,-1.1247443762781186
2020-11-12,48450,49150,48450,48650,325217,0.6204756980351602
2020-11-13,48050,48400,47700,48150,351364,-1.027749229188078
2020-11-16,48200,48750,48150,48600,354499,0.9345794392523363
2020-11-17,49100,49100,48000,48000,420394,-1.2345679012345678
2020-11-18,48050,48500,48050,48250,274818,0.5208333333333333
2020-11-19,48050,48100,47500,47950,339208,-0.6217616580310881
2020-11-20,47650,48450,47550,48250,313210,0.6256517205422315
2020-11-23,48250,49050,48250,49050,550264,1.6580310880829014
2020-11-24,49250,49500,48850,49100,429791,0.10193679918450561
2020-11-25,49350,49400,48100,48450,512762,-1.3238289205702647
2020-11-26,48600,49200,48600,49050,421188,1.238390092879257
2020-11-27,49900,49900,49000,49650,655785,1.2232415902140672
2020-11-30,49700,49800,49000,49450,490301,-0.4028197381671702
2020-12-01,49550,49550,48800,48900,489309,-1.1122345803842264
2020-12-02,48900,49050,47800,47950,705710,-1.9427402862985685
2020-12-03,48350,48700,47950,48150,465327,0.4171011470281543
2020-12-04,48650,50700,48400,49900,2077596,3.6344755970924196
2020-12-07,50400,50400,49000,49200,674837,-1.402805611222445
2020-12-08,49300,50000,49000,49150,506516,-0.10162601626016261
2020-12-09,49200,49700,48900,48950,539249,-0.40691759918616477
2020-12-10,46950,48150,46900,47300,2821609,-3.3707865168539324
2020-12-11,47600,48150,47450,47500,755133,0.42283298097251587
2020-12-14,47550,47550,46750,46950,701953,-1.1578947368421053
2020-12-15,46900,46950,46000,46200,3407776,-1.5974440894568689
2020-12-16,46100,46950,46100,46350,480240,0.3246753246753247
2020-12-17,46350,46850,46200,46450,523303,0.2157497303128371
2020-12-18,46500,46550,46050,46350,517067,-0.2152852529601722
2020-12-21,46650,46700,45800,45900,540766,-0.9708737864077669
2020-12-22,45850,45850,45050,45050,638319,-1.8518518518518516
2020-12-23,45000,45650,44600,44900,565013,-0.3329633740288568
2020-12-24,45150,45500,44800,45250,453094,0.779510022271715
2020-12-28,45250,45500,44900,45500,511144,0.5524861878453038
2020-12-29,45700,45750,45300,45450,358189,-0.10989010989010989
2020-12-30,45450,46400,45250,46000,468697,1.21012101210121
2021-01-04,46300,46300,45750,46000,511567,0.0
2021-01-05,46000,46600,45600,46600,743739,1.3043478260869565
2021-01-06,46650,46650,46000,46050,548582,-1.1802575107296138
2021-01-07,46050,46300,45950,46150,492689,0.21715526601520088
2021-01-08,46250,48500,45600,47000,2476777,1.8418201516793065
2021-01-11,47100,47800,46250,46700,1400093,-0.6382978723404255
2021-01-12,46700,47550,46050,46200,760982,-1.070663811563169
2021-01-13,46200,47300,46200,46700,622144,1.0822510822510822
2021-01-14,46700,47150,46400,46650,541192,-0.10706638115631692
2021-01-15,46500,47100,46050,46150,547014,-1.0718113612004287
2021-01-18,46000,46050,45300,45400,510766,-1.6251354279523293
2021-01-19,45350,45800,45350,45650,360449,0.5506607929515419
2021-01-20,45700,46500,45700,46350,451605,1.5334063526834611
2021-01-21,46550,47050,46500,46650,526311,0.6472491909385114
2021-01-22,46800,49700,46700,48050,3442304,3.0010718113612005
2021-01-25,49100,49750,48600,49650,1861191,3.329864724245578
2021-01-26,50200,50300,48600,48800,1166446,-1.7119838872104733
2021-01-27,48900,49250,48000,48750,696460,-0.10245901639344263
2021-01-28,47700,48300,47350,47800,779204,-1.948717948717949
2021-01-29,48200,48400,46200,47300,841565,-1.0460251046025104
2021-02-01,47300,51000,47200,50800,3307345,7.399577167019028
2021-02-02,51700,53000,49900,52700,4246653,3.740157480314961
2021-02-03,53000,53600,51700,52700,2097260,0.0
2021-02-04,52200,52400,50900,51000,1180448,-3.225806451612903
2021-02-05,51100,52700,51100,52400,1354335,2.7450980392156863
2021-02-08,53200,56800,52400,55300,5097477,5.534351145038168
2021-02-09,55700,56400,54000,54100,1519768,-2.1699819168173597
2021-02-10,54500,56500,54200,55400,1847574,2.4029574861367835
2021-02-15,56300,56700,55600,55700,1219446,0.5415162454873645
2021-02-16,55900,56200,54300,55500,1339592,-0.3590664272890485
2021-02-17,55300,55400,54200,54700,713624,-1.4414414414414414
2021-02-18,54200,55400,54000,54100,681352,-1.0968921389396709
2021-02-19,57100,57200,54500,54900,1745985,1.478743068391867
2021-02-22,55200,55600,53100,53200,914380,-3.096539162112933
2021-02-23,52000,52800,51200,52400,784644,-1.5037593984962405
2021-02-24,52300,54300,52300,53700,1214854,2.480916030534351
2021-02-25,54700,56200,53700,56100,1786744,4.4692737430167595
2021-02-26,54300,55400,53900,54000,1032721,-3.7433155080213902
2021-03-02,54700,55100,52200,53000,891832,-1.8518518518518516
2021-03-03,52400,53400,52200,53000,382837,0.0
2021-03-04,52600,52600,52000,52200,379111,-1.509433962264151
2021-03-05,51400,51400,50200,50900,592589,-2.490421455938697
2021-03-08,51100,51700,49700,49900,516498,-1.9646365422396856
2021-03-09,49550,49950,47950,49400,896828,-1.002004008016032
2021-03-10,49100,49300,47900,47950,1041799,-2.935222672064777
2021-03-11,47600,49200,47550,49000,672818,2.18978102189781
2021-03-12,49150,50700,49100,50500,805218,3.061224489795918
2021-03-15,50900,51100,50000,50400,410630,-0.19801980198019803
2021-03-16,50500,51400,50500,50900,380699,0.992063492063492
2021-03-17,51000,52000,50900,51600,454635,1.37524557956778
2021-03-18,51900,52400,51600,52300,473174,1.3565891472868217
2021-03-19,51600,53600,51200,53600,1054353,2.48565965583174
2021-03-22,53600,53600,52600,53500,388251,-0.18656716417910446
2021-03-23,53500,53800,51800,51800,507559,-3.177570093457944
2021-03-24,51800,52400,51200,52000,329573,0.3861003861003861
2021-03-25,51700,52900,51300,52100,337742,0.19230769230769232
2021-03-26,52300,52800,51600,51900,321974,-0.3838771593090211
2021-03-29,51900,51900,50600,50900,395420,-1.9267822736030826
2021-03-30,51000,53400,51000,53000,793425,4.12573673870334
2021-03-31,53300,53500,52100,52400,382604,-1.1320754716981132
2021-04-01,52400,52500,51600,52000,283017,-0.7633587786259541
2021-04-02,52000,52300,51600,51900,270823,-0.19230769230769232
2021-04-05,52000,52500,51600,52400,329011,0.9633911368015413
2021-04-06,52600,53100,52400,53000,520062,1.1450381679389312
2021-04-07,53500,54900,53100,54400,1213353,2.6415094339622645
2021-04-08,54600,55900,54000,54600,1081683,0.3676470588235294
2021-04-09,55100,55400,54100,54100,499505,-0.9157509157509158
2021-04-12,54200,55600,54200,54800,703694,1.2939001848428837
2021-04-13,55500,56500,55200,56000,956290,2.18978102189781
2021-04-14,56400,56600,55100,56000,577459,0.0
2021-04-15,56300,58600,56200,57400,1404969,2.5
2021-04-16,57500,57900,56600,57900,836715,0.8710801393728222
2021-04-19,58600,59000,57500,58100,886021,0.3454231433506045
2021-04-20,58000,58000,57100,57600,572117,-0.8605851979345954
2021-04-21,57100,57200,56000,56000,814021,-2.7777777777777777
2021-04-22,56000,57100,56000,56000,478451,0.0
2021-04-23,56000,57300,55200,57300,666326,2.3214285714285716
2021-04-26,57700,58100,56800,57200,444375,-0.17452006980802792
2021-04-27,57200,57200,56100,56200,495833,-1.7482517482517483
2021-04-28,56200,56300,55000,55500,536591,-1.2455516014234875
2021-04-29,55500,55600,53600,54600,546889,-1.6216216216216217
2021-04-30,54400,54600,53600,54200,369371,-0.7326007326007326
2021-05-03,54200,54300,51700,51700,844561,-4.612546125461255
2021-05-04,51500,53300,50200,53300,1038216,3.0947775628626695
2021-05-06,53300,54000,51600,52700,627027,-1.125703564727955
2021-05-07,52800,53500,52700,52800,371405,0.18975332068311196
2021-05-10,53100,54000,53100,53900,459049,2.083333333333333
2021-05-11,53800,53800,53000,53000,388187,-1.6697588126159555
2021-05-12,52400,52400,50900,50900,1153117,-3.9622641509433962
2021-05-13,49900,50800,49350,49850,732565,-2.06286836935167
2021-05-14,50400,51100,50100,50400,379374,1.103309929789368
2021-05-17,50800,51200,50400,50700,352529,0.5952380952380952
2021-05-18,50700,51300,50500,50900,353275,0.39447731755424065
2021-05-20,50900,51000,50200,50700,264765,-0.3929273084479371
2021-05-21,51000,51200,50700,51000,254722,0.591715976331361
2021-05-24,51000,51200,50500,50900,267655,-0.19607843137254902
2021-05-25,51200,51300,50900,51100,265382,0.3929273084479371
2021-05-26,51200,52700,51100,52400,531381,2.5440313111545985
2021-05-27,52500,52600,51100,51300,466499,-2.099236641221374
2021-05-28,51800,52500,51600,52100,328488,1.5594541910331383
2021-05-31,52300,53400,52300,52300,304867,0.3838771593090211
2021-06-01,52300,52800,52300,52500,274023,0.3824091778202677
2021-06-02,52600,53500,52500,53400,521769,1.7142857142857144
2021-06-03,53900,55800,53800,55300,1232727,3.5580524344569286
2021-06-04,55800,56700,55400,55900,966623,1.0849909584086799
2021-06-07,56100,56600,55000,56200,714766,0.5366726296958855
2021-06-08,56500,56500,55600,55600,530755,-1.0676156583629894
2021-06-09,55800,57000,55700,55900,760472,0.539568345323741
2021-06-10,56300,56400,55300,56400,717194,0.8944543828264758
2021-06-11,56700,56900,55900,56600,481860,0.3546099290780142
2021-06-14,56600,58200,56200,57800,1104993,2.1201413427561837
2021-06-15,57800,58200,57100,57700,525483,-0.17301038062283738
2021-06-16,57800,58000,56500,56800,581837,-1.559792027729636
2021-06-17,56400,56500,55100,55900,769155,-1.584507042253521
2021-06-18,56200,58800,55200,57700,1800217,3.2200357781753133
2021-06-21,57600,58500,56300,56700,854560,-1.733102253032929
2021-06-22,56800,57700,55800,56600,517545,-0.1763668430335097
2021-06-23,55500,56400,55000,55700,890172,-1.5901060070671376
2021-06-24,55700,56300,54600,55000,720175,-1.2567324955116697
2021-06-25,55600,56600,55500,55800,559544,1.4545454545454546
2021-06-28,56000,56100,54800,55100,754215,-1.2544802867383513
2021-06-29,56000,60800,55600,59700,6225740,8.348457350272232
2021-06-30,59800,60400,57500,57800,2964777,-3.1825795644891124
2021-07-01,58200,59100,57200,57500,1451292,-0.5190311418685121
2021-07-02,58400,73500,58300,71600,20948559,24.52173913043478
2021-07-05,76100,83400,73900,76000,20566838,6.145251396648044
2021-07-06,75900,78700,74800,76100,7122622,0.13157894736842105
2021-07-07,76100,77000,74800,75500,1390792,-0.7884362680683311
2021-07-08,77400,80600,77400,80300,2789350,6.357615894039735
2021-07-09,82000,84500,80900,84500,2507748,5.230386052303861
2021-07-12,85000,86600,78500,80000,5968805,-5.325443786982249
2021-07-13,79500,84700,79100,83100,5829928,3.875
2021-07-14,83000,84200,80500,81200,2717127,-2.286401925391095
2021-07-15,81800,82300,79900,81200,2311306,0.0
2021-07-16,80600,89200,79900,86500,9598026,6.527093596059114
2021-07-19,85300,86000,83200,84100,2459354,-2.7745664739884393
2021-07-20,82800,86100,82700,83900,2462459,-0.23781212841854932
2021-07-21,85500,93100,84700,88400,9264735,5.363528009535161
2021-07-22,88900,101500,88800,100200,15563864,13.34841628959276
2021-07-23,101000,103000,97700,100400,5814696,0.19960079840319359
2021-07-26,103000,106000,94600,95000,6420527,-5.378486055776892
2021-07-27,96300,98700,94100,96500,3294618,1.5789473684210527
2021-07-28,95200,97700,93200,94000,2186365,-2.5906735751295336
2021-07-29,94700,96200,92200,93600,2727380,-0.425531914893617
2021-07-30,94200,94500,88700,89100,3052848,-4.807692307692308
2021-08-02,89400,89800,86000,86400,2741726,-3.0303030303030303
2021-08-03,87000,87400,81700,83400,4020105,-3.4722222222222223
2021-08-04,83300,84600,81800,83400,3200398,0.0
2021-08-05,84400,85600,83700,84200,2730707,0.9592326139088728
2021-08-06,83700,84400,81800,82100,2064198,-2.494061757719715
2021-08-09,82500,85000,82100,82600,2070554,0.6090133982947624
2021-08-10,81800,83900,81000,83700,1736597,1.331719128329298
2021-08-11,83600,83600,80600,80800,1586145,-3.464755077658303
2021-08-12,80200,82900,78600,78800,2672462,-2.4752475247524752
2021-08-13,77200,78000,73500,77200,8694843,-2.030456852791878
2021-08-17,76500,78300,76100,77100,2030856,-0.1295336787564767
2021-08-18,77400,81300,77300,77800,3025686,0.9079118028534372
2021-08-19,78600,79800,75900,76100,1999532,-2.185089974293059
2021-08-20,77000,79600,76200,77600,2693377,1.971090670170828
2021-08-23,78500,78700,74200,75300,1738511,-2.9639175257731956
2021-08-24,75600,76700,74700,75900,1093879,0.796812749003984
2021-08-25,76100,78100,75100,76800,1190558,1.185770750988142
2021-08-26,78900,87600,78300,85400,10961957,11.197916666666668
2021-08-27,85800,86200,80300,80900,4505198,-5.269320843091335
2021-08-30,81700,83400,81100,82000,1997342,1.3597033374536465
2021-08-31,80700,81600,78600,81200,1691497,-0.975609756097561
2021-09-01,80600,81700,79200,79900,1407963,-1.600985221674877
2021-09-02,81100,82500,79700,79700,1411172,-0.2503128911138924
2021-09-03,80100,81000,79200,80500,867598,1.0037641154328731
2021-09-06,80800,80900,77400,77800,1254499,-3.354037267080745
2021-09-07,77900,78800,76400,77200,806666,-0.7712082262210797
2021-09-08,76700,78000,73700,74300,1575458,-3.756476683937824
2021-09-09,74200,75500,72000,72900,1575001,-1.8842530282637955
2021-09-10,72600,76300,72300,73800,1144431,1.2345679012345678
2021-09-13,74500,74800,71200,71800,994080,-2.710027100271003
2021-09-14,71800,73100,70200,72400,1273762,0.8356545961002786
2021-09-15,72700,73400,72100,72400,551256,0.0
2021-09-16,72900,72900,71200,71300,568387,-1.5193370165745856
2021-09-17,72100,73000,70800,72200,611807,1.262272089761571
2021-09-23,70300,71300,68900,68900,1284370,-4.570637119113574
2021-09-24,69400,70200,68100,68300,1346946,-0.8708272859216255
2021-09-27,68000,70300,67700,68800,824472,0.7320644216691069
2021-09-28,69300,69800,67800,67800,735722,-1.4534883720930232
2021-09-29,65900,67400,65500,66900,861733,-1.3274336283185841
2021-09-30,67200,68000,65400,65700,866392,-1.7937219730941705
2021-10-01,65300,66400,64300,64800,808026,-1.36986301369863
2021-10-05,63900,65100,61800,63300,1170348,-2.314814814814815
2021-10-06,64500,65300,62400,62600,819126,-1.1058451816745656
2021-10-07,63600,67600,63400,67300,1412220,7.507987220447284
2021-10-08,68100,68200,65000,65300,746339,-2.9717682020802374
2021-10-12,65100,66400,63700,65400,512444,0.1531393568147014
2021-10-13,65400,67500,65300,65500,660295,0.1529051987767584
2021-10-14,65700,69000,65600,68900,765499,5.190839694656488
2021-10-15,69800,69800,67000,67500,918822,-2.0319303338171264
2021-10-18,67900,72200,67000,71100,1614638,5.333333333333334
2021-10-19,71600,72800,70500,72200,918100,1.5471167369901548
2021-10-20,72700,73000,70700,71000,803752,-1.662049861495845
2021-10-21,71200,73200,70500,72400,984482,1.971830985915493
2021-10-22,73300,78300,72500,75800,3344979,4.696132596685083
2021-10-25,75600,75800,73100,73700,986822,-2.7704485488126647
2021-10-26,74300,77000,74100,75200,1432184,2.03527815468114
2021-10-27,74600,80600,74600,80100,3102975,6.515957446808511
2021-10-28,79700,82600,77000,78700,2936316,-1.7478152309612984
2021-10-29,79500,81200,77900,79800,1748117,1.3977128335451081
2021-11-01,81600,88600,77500,87900,9173459,10.150375939849624
2021-11-02,88500,90000,86200,86400,4425762,-1.7064846416382253
2021-11-03,84500,90800,84100,89000,4770973,3.009259259259259
2021-11-04,90400,98300,89500,91200,10849018,2.4719101123595504
2021-11-05,91700,97900,91200,97900,6064773,7.346491228070176
2021-11-08,92000,100000,91800,99200,5358804,1.3278855975485189
2021-11-09,99400,100800,96200,98500,3369861,-0.7056451612903225
2021-11-10,97500,99600,91400,91400,4201681,-7.208121827411168
2021-11-11,92400,96700,92100,93000,4675848,1.75054704595186
2021-11-12,95000,98300,91800,96900,4450860,4.193548387096775
2021-11-15,97900,99500,95100,97200,2017927,0.30959752321981426
2021-11-16,97900,110100,97100,108700,9275769,11.831275720164609
2021-11-17,110800,116000,106200,107900,5244873,-0.7359705611775529
2021-11-18,110200,110400,103500,108600,3560454,0.6487488415199258
2021-11-19,107900,113100,105700,107500,3507244,-1.0128913443830572
2021-11-22,104900,106700,95400,97000,4985772,-9.767441860465116
2021-11-23,95100,99400,94100,96400,2578967,-0.6185567010309279
2021-11-24,96400,98400,91700,96300,2720967,-0.1037344398340249
2021-11-25,96900,103000,96900,101100,3684202,4.984423676012461
2021-11-26,101900,106700,100100,102400,2859762,1.2858555885262115
2021-11-29,99500,107800,99200,102800,2752409,0.390625
2021-11-30,104900,106300,95200,98600,6012279,-4.085603112840467
2021-12-01,99000,100600,95700,96700,1949267,-1.9269776876267748
2021-12-02,94600,97500,89800,91500,2444261,-5.377456049638056
2021-12-03,92400,95600,91600,95200,1512354,4.043715846994536
2021-12-06,93900,94400,90100,90200,1441599,-5.2521008403361344
2021-12-07,91600,92200,88200,90100,1289247,-0.11086474501108648
2021-12-08,92100,96000,91900,94600,1894639,4.994450610432852
2021-12-09,95600,96100,93000,94700,1165530,0.10570824524312897
2021-12-10,93400,94500,90700,91000,1065036,-3.907074973600845
2021-12-13,91000,91600,89200,90200,872068,-0.8791208791208791
2021-12-14,89500,91100,88600,89000,896228,-1.3303769401330376
2021-12-15,89000,90200,87000,88900,788259,-0.11235955056179776
2021-12-16,90000,92200,88500,88600,1111450,-0.3374578177727784
2021-12-17,88600,88600,85800,86700,1034490,-2.144469525959368
2021-12-20,86100,88000,85900,85900,579216,-0.922722029988466
2021-12-21,86300,88500,85800,88300,703402,2.7939464493597206
2021-12-22,89200,91700,88900,90700,959609,2.7180067950169877
2021-12-23,91700,92900,89300,89700,789822,-1.1025358324145533
2021-12-24,90500,92300,89800,90700,698701,1.1148272017837235
2021-12-27,91000,92700,89300,92200,864656,1.6538037486218304
2021-12-28,92200,94600,91300,93100,1316288,0.9761388286334056
2021-12-29,93500,94700,89200,89600,1570021,-3.7593984962406015
2021-12-30,90200,91300,89200,91000,758703,1.5625
2022-01-03,91700,96200,91500,93000,1775041,2.197802197802198
2022-01-04,93700,93900,90100,90300,887824,-2.903225806451613
2022-01-05,89700,89800,86000,86400,1223206,-4.318936877076411
2022-01-06,82500,82700,74000,74100,4080196,-14.23611111111111
2022-01-07,74600,76300,74000,74300,1567341,0.2699055330634278
2022-01-10,73000,76000,72900,74200,1147844,-0.13458950201884254
2022-01-11,73600,75300,71600,72700,1130298,-2.0215633423180592
2022-01-12,73500,75200,72900,74400,820833,2.3383768913342506
2022-01-13,74700,75000,70700,71100,1103603,-4.435483870967742
2022-01-14,68900,71400,68300,70800,837413,-0.42194092827004215
2022-01-17,69800,71300,69200,69800,484310,-1.4124293785310735
2022-01-18,69800,71400,68400,68900,516578,-1.2893982808022924
2022-01-19,67300,69100,66400,68000,877505,-1.3062409288824384
2022-01-20,68400,71700,67700,71400,784814,5.0
2022-01-21,70600,72900,69800,71800,841905,0.5602240896358543
2022-01-24,71600,71800,68300,69700,784006,-2.9247910863509747
2022-01-25,70300,71500,68800,69100,910576,-0.860832137733142
2022-01-26,69300,72000,69200,70500,861832,2.0260492040520983
2022-01-27,71000,71000,65300,65700,1219475,-6.808510638297872
2022-01-28,66100,66700,63900,65700,865015,0.0
2022-02-03,66200,68400,65800,66300,809350,0.91324200913242
2022-02-04,66100,75200,66100,73700,2888619,11.161387631975868
2022-02-07,75000,75100,72200,73000,1364566,-0.9497964721845319
2022-02-08,74000,78800,73500,77200,2654176,5.7534246575342465
2022-02-09,77900,78500,73500,74300,2357851,-3.756476683937824
2022-02-10,74000,74200,69100,69900,2094214,-5.921938088829071
2022-02-11,68700,72400,68000,70800,1368707,1.2875536480686696
2022-02-14,69300,70500,68500,69500,874134,-1.8361581920903955
2022-02-15,69700,71900,68600,68700,786561,-1.1510791366906474
2022-02-16,71100,71900,69900,71700,830498,4.366812227074235
2022-02-17,71500,72500,68200,70300,989879,-1.9525801952580195
2022-02-18,68600,71800,68600,70800,577259,0.7112375533428165
2022-02-21,69500,71800,69400,71700,596785,1.2711864406779663
2022-02-22,70400,71200,69700,70200,561959,-2.092050209205021
2022-02-23,71000,72200,70600,72100,708609,2.7065527065527064
2022-02-24,71400,71900,69000,69000,797713,-4.2995839112343965
2022-02-25,70900,73900,70800,72500,1250082,5.072463768115942
2022-02-28,72500,73600,71800,73500,703332,1.3793103448275863
2022-03-02,73500,76000,73400,75500,999550,2.7210884353741496
2022-03-03,76600,76800,75100,75600,593207,0.13245033112582782
2022-03-04,75000,75000,72300,72600,751086,-3.968253968253968
2022-03-07,71000,71300,69900,70300,681612,-3.1680440771349865
2022-03-08,68800,71900,68800,71200,548510,1.2802275960170697
2022-03-10,72600,74300,72600,74300,764003,4.353932584269663
2022-03-11,74700,75400,73600,74800,556830,0.6729475100942126
2022-03-14,74800,75600,72300,73200,601818,-2.13903743315508
2022-03-15,73100,74700,72500,73100,478493,-0.1366120218579235
2022-03-16,74300,75300,73700,75200,627226,2.8727770177838576
2022-03-17,76600,79300,75900,78300,1333809,4.122340425531915
2022-03-18,79300,81600,78800,81000,1680504,3.4482758620689653
2022-03-21,82000,82000,77800,78100,1190835,-3.580246913580247
2022-03-22,78100,79400,77600,78400,581381,0.3841229193341869
2022-03-23,79500,82300,79300,80500,1254431,2.6785714285714284
2022-03-24,77500,78400,73600,74900,3008023,-6.956521739130435
2022-03-25,76000,77100,75000,76900,1173173,2.67022696929239
2022-03-28,77000,77300,75900,76500,632013,-0.5201560468140443
2022-03-29,77800,81500,77300,80200,1772641,4.836601307189543
2022-03-30,81500,81800,78600,78700,1058354,-1.8703241895261846
2022-03-31,78100,79300,77100,78300,659772,-0.5082592121982211
2022-04-01,77300,79000,76700,79000,658325,0.8939974457215836
2022-04-04,79000,79500,77900,78800,504645,-0.25316455696202533
2022-04-05,79400,80300,78800,79500,500044,0.8883248730964468
2022-04-06,79500,81000,78200,78800,875424,-0.8805031446540881
2022-04-07,77900,78100,75600,75900,677301,-3.6802030456852792
2022-04-08,76500,77200,74500,75500,495912,-0.5270092226613966
2022-04-11,74600,75200,72500,72700,631087,-3.708609271523179
2022-04-12,70000,72000,66300,66700,2587657,-8.253094910591471
2022-04-13,66000,67400,65000,65900,1504372,-1.199400299850075
2022-04-14,67300,68300,66100,66500,1183884,0.9104704097116844
2022-04-15,66200,67000,64200,65600,793411,-1.3533834586466165
2022-04-18,65100,65200,64200,64500,482181,-1.676829268292683
2022-04-19,64900,66000,64900,65900,402684,2.1705426356589146
2022-04-20,66100,66400,64800,64800,417821,-1.669195751138088
2022-04-21,64900,65400,64300,64600,411141,-0.30864197530864196
2022-04-22,64100,64200,61800,62200,919687,-3.7151702786377707
2022-04-25,60600,62000,60500,60700,551588,-2.4115755627009645
2022-04-26,61200,62800,61000,61900,509854,1.9769357495881383
2022-04-27,60000,60100,59000,59400,933431,-4.038772213247173
2022-04-28,60000,60800,59600,59900,462927,0.8417508417508417
2022-04-29,60200,60700,59000,60500,685545,1.001669449081803
2022-05-02,59500,60000,58500,59000,643589,-2.479338842975207
2022-05-03,59700,60900,59000,59100,670982,0.1694915254237288
2022-05-04,59200,60300,58300,58500,722423,-1.015228426395939
2022-05-06,57500,58000,56900,57300,614150,-2.051282051282051
2022-05-09,56700,57900,56600,56900,511954,-0.6980802792321117
2022-05-10,55800,57200,54700,56900,782647,0.0
2022-05-11,56600,58600,56600,57900,490325,1.7574692442882252
2022-05-12,56500,56700,54300,54400,861299,-6.0449050086355784
2022-05-13,55100,55900,54300,55000,515785,1.1029411764705883
2022-05-16,55700,56400,55100,55100,359285,0.18181818181818182
2022-05-17,55200,56600,55200,56400,355453,2.35934664246824
2022-05-18,57000,57400,56400,56600,326741,0.3546099290780142
2022-05-19,55200,56600,54600,56000,326000,-1.0600706713780919
2022-05-20,56300,59200,56300,58900,668046,5.178571428571429
2022-05-23,59300,59500,57600,58800,495781,-0.1697792869269949
2022-05-24,58500,59600,57700,57700,404763,-1.870748299319728
2022-05-25,58400,61000,57900,60600,891150,5.025996533795494
2022-05-26,61300,61500,59500,59700,592344,-1.4851485148514851
2022-05-27,60500,60900,59000,59500,355519,-0.33500837520938026
2022-05-30,60200,61800,60200,61400,509020,3.1932773109243695
2022-05-31,61800,62500,60600,62500,999157,1.7915309446254073
2022-06-02,62200,62300,60800,62000,310156,-0.8
2022-06-03,63000,63000,61800,61900,220934,-0.16129032258064516
2022-06-07,61900,62000,60500,61100,428197,-1.2924071082390953
2022-06-08,61100,61800,60700,61500,217008,0.6546644844517185
2022-06-09,61500,61600,60000,61600,302075,0.16260162601626016
2022-06-10,60600,61200,60200,60400,266540,-1.948051948051948
2022-06-13,58600,59400,57700,57800,632339,-4.304635761589404
2022-06-14,55900,58900,55900,58500,519361,1.2110726643598615
2022-06-15,58200,59200,56100,56400,414795,-3.5897435897435894
2022-06-16,58000,59300,56900,57400,405386,1.773049645390071
2022-06-17,56200,57100,55700,56200,598414,-2.0905923344947737
2022-06-20,57100,57700,49800,50500,1683449,-10.142348754448399
2022-06-21,53600,58800,53600,55800,4093035,10.495049504950495
2022-06-22,56600,56700,50100,50700,1521519,-9.13978494623656
2022-06-23,51000,51100,46100,46700,2336764,-7.889546351084813
2022-06-24,47500,51400,47500,49400,1905957,5.781584582441114
2022-06-27,52900,54000,50900,51700,1425609,4.65587044534413
2022-06-28,52200,52600,50600,51300,566576,-0.7736943907156674
2022-06-29,50000,50400,48900,49650,827664,-3.216374269005848
2022-06-30,49850,50500,48750,49150,629720,-1.0070493454179255
2022-07-01,49650,50400,47500,48350,638946,-1.627670396744659
2022-07-04,48850,49000,46150,46700,965476,-3.4126163391933813
2022-07-05,47150,49400,47150,49300,808761,5.567451820128479
2022-07-06,49300,50800,48500,49450,695822,0.3042596348884381
2022-07-07,50500,50700,49150,49700,391698,0.5055611729019212
2022-07-08,50300,50400,49000,49000,500761,-1.4084507042253522
2022-07-11,49100,49550,48350,48950,320585,-0.10204081632653061
2022-07-12,48500,49700,47900,49350,561900,0.8171603677221655
2022-07-13,49000,50800,49000,50500,556376,2.330293819655522
2022-07-14,50600,51700,49900,51500,584783,1.9801980198019802
2022-07-15,51400,51400,49100,49400,686172,-4.077669902912621
2022-07-18,50000,50300,49400,50100,372345,1.417004048582996
2022-07-19,50100,51300,49750,50900,358881,1.5968063872255487
2022-07-20,51900,52900,51200,51500,595255,1.1787819253438114
2022-07-21,52000,52700,51600,51600,372085,0.1941747572815534
2022-07-22,52000,52000,49750,49850,656939,-3.391472868217054
2022-07-25,49500,49700,48050,49300,834507,-1.103309929789368
2022-07-26,50000,51700,49000,50400,967123,2.231237322515213
2022-07-27,51200,51500,49500,49650,646786,-1.488095238095238
2022-07-28,50400,50800,49550,49900,466299,0.5035246727089627
2022-07-29,50300,51200,50200,50700,512012,1.6032064128256511
2022-08-01,50700,50900,50200,50700,256203,0.0
2022-08-02,50900,50900,50100,50800,370389,0.19723865877712032
2022-08-03,52700,59200,50900,57900,6396094,13.976377952755906
2022-08-04,58300,59600,57600,58100,2437400,0.3454231433506045
2022-08-05,58800,59100,56000,57500,1218297,-1.0327022375215147
2022-08-08,57200,58000,56700,57200,605994,-0.5217391304347827
2022-08-09,57700,59900,57300,58800,1390419,2.797202797202797
2022-08-10,57900,59000,56800,56800,695576,-3.4013605442176873
2022-08-11,59000,60900,58500,59800,1991164,5.28169014084507
2022-08-12,59300,59400,57900,58700,567145,-1.839464882943144
2022-08-16,59400,59400,58700,59100,375305,0.6814310051107325
2022-08-17,59300,59400,57800,58200,392905,-1.5228426395939088
2022-08-18,57400,57500,56400,57200,428303,-1.718213058419244
2022-08-19,57200,57400,55400,55400,480247,-3.146853146853147
2022-08-22,54200,55000,53500,53500,479942,-3.429602888086643
2022-08-23,52800,54400,52700,53100,444976,-0.7476635514018692
2022-08-24,53500,53600,51700,52500,518552,-1.1299435028248588
2022-08-25,52700,53800,52500,53400,297941,1.7142857142857144
2022-08-26,53800,53800,52200,52200,479683,-2.247191011235955
2022-08-29,50200,51400,50200,51100,343300,-2.10727969348659
2022-08-30,51200,52600,51200,52400,302558,2.5440313111545985
2022-08-31,51700,52800,51200,52800,378143,0.7633587786259541
2022-09-01,51900,51900,50100,50100,619532,-5.113636363636364
2022-09-02,50700,50900,49600,50100,303745,0.0
2022-09-05,49750,50800,49750,50000,227315,-0.19960079840319359
2022-09-06,50000,50800,49900,50300,269413,0.6
2022-09-07,49800,49850,48000,48150,583230,-4.274353876739562
2022-09-08,48750,49700,48700,49200,450222,2.1806853582554515
2022-09-13,50500,51900,50500,51800,496607,5.284552845528456
2022-09-14,49750,50300,49400,49850,518791,-3.7644787644787647
2022-09-15,50200,50400,49150,49150,295915,-1.4042126379137412
2022-09-16,48700,49200,48300,48600,284995,-1.119023397761953
2022-09-19,47850,48000,45450,45600,1010999,-6.172839506172839
2022-09-20,46000,47100,45700,46400,535587,1.7543859649122806
2022-09-21,46000,46600,45800,45800,352554,-1.293103448275862
2022-09-22,45050,45700,43550,44000,693808,-3.9301310043668125
2022-09-23,43600,44000,42900,42900,448988,-2.5
2022-09-26,42050,43150,41400,42150,569793,-1.7482517482517483
2022-09-27,41700,44300,41700,43050,847135,2.135231316725979
2022-09-28,42700,42800,40050,40400,813311,-6.155632984901278
2022-09-29,41500,43050,41050,41250,720433,2.103960396039604
2022-09-30,40700,43250,40550,42650,548103,3.3939393939393945
2022-10-04,43250,44400,42850,43850,572128,2.813599062133646
2022-10-05,44550,44550,41650,41650,492767,-5.017103762827822
2022-10-06,41700,42450,41650,41750,349277,0.24009603841536614
2022-10-07,41100,41150,38800,39600,1024056,-5.149700598802395
2022-10-11,38050,38950,37350,38200,499880,-3.535353535353535
2022-10-12,37900,38200,36550,37100,844875,-2.8795811518324608
2022-10-13,36850,36900,34250,34950,1387461,-5.795148247978436
2022-10-14,39550,40750,37850,38250,4248048,9.44206008583691
2022-10-17,35900,37600,34750,37400,1487965,-2.2222222222222223
2022-10-18,38150,39500,37950,39200,893462,4.81283422459893
2022-10-19,39100,40250,38050,38200,855511,-2.5510204081632653
2022-10-20,38300,38300,36350,37200,631965,-2.6178010471204187
2022-10-21,36800,38400,36700,37900,498016,1.881720430107527
2022-10-24,38950,39950,37950,38100,603563,0.5277044854881267
2022-10-25,38250,38500,37500,37700,314114,-1.0498687664041995
2022-10-26,38250,38700,37250,38150,395968,1.1936339522546418
2022-10-27,38150,39350,38100,38700,501552,1.4416775884665793
2022-10-28,38400,39450,37250,38800,470621,0.2583979328165375
2022-10-31,39800,40450,38700,39550,578122,1.9329896907216495
2022-11-01,39600,39900,39300,39600,289817,0.12642225031605564
2022-11-02,38800,41250,36950,39500,2071466,-0.25252525252525254
2022-11-03,38100,38700,37400,37400,842388,-5.3164556962025316
2022-11-04,37100,39200,36450,38950,897443,4.144385026737968
2022-11-07,38500,39600,38500,39350,468597,1.0269576379974326
2022-11-08,39850,41400,39750,41050,875441,4.320203303684879
2022-11-09,41300,42350,41200,41500,667838,1.0962241169305724
2022-11-10,40700,41400,40400,41050,407365,-1.0843373493975903
2022-11-11,43800,48350,43250,45600,3709889,11.084043848964678
2022-11-14,46000,46100,43150,43600,1222208,-4.385964912280701
2022-11-15,43400,44700,43150,44650,591127,2.408256880733945
2022-11-16,44900,45450,44500,44800,471033,0.33594624860022393
2022-11-17,44800,46000,43900,44500,630197,-0.6696428571428571
2022-11-18,44600,45150,43250,43350,391228,-2.584269662921348
2022-11-21,43200,43750,42200,42400,356507,-2.1914648212226067
2022-11-22,41700,42150,41000,41150,385975,-2.94811320754717
2022-11-23,42500,43500,42200,43300,462671,5.224787363304982
2022-11-24,43750,44650,43550,44500,390609,2.771362586605081
2022-11-25,43400,44250,42400,42850,585006,-3.707865168539326
2022-11-28,42700,42800,41350,41350,387498,-3.5005834305717616
2022-11-29,41000,42700,40800,42550,297120,2.902055622732769
2022-11-30,42500,43500,42050,43500,403116,2.2326674500587544
2022-12-01,44850,45250,43200,43250,554464,-0.5747126436781609
2022-12-02,43300,43600,42100,42150,375390,-2.5433526011560694
2022-12-05,42250,43800,42250,43250,361394,2.6097271648873073
2022-12-06,42500,43700,41800,42350,221576,-2.0809248554913293
2022-12-07,41900,42500,41400,41800,195779,-1.2987012987012987
2022-12-08,41650,41950,41400,41800,308146,0.0
2022-12-09,41900,43300,41800,42750,383111,2.272727272727273
2022-12-12,41850,43600,40500,43200,359385,1.0526315789473684
2022-12-13,44000,45200,43150,43450,516320,0.5787037037037037
2022-12-14,43850,44900,43550,44800,439182,3.1070195627157653
2022-12-15,44400,44450,42600,42650,400519,-4.799107142857143
2022-12-16,41500,44350,41500,44300,452097,3.8686987104337636
2022-12-19,44000,46300,43900,44500,834550,0.4514672686230248
2022-12-20,44500,44700,42750,42900,361454,-3.5955056179775284
2022-12-21,43500,43750,42650,43250,240140,0.8158508158508158
2022-12-22,43750,44450,43250,44450,380897,2.7745664739884393
2022-12-23,43500,43850,42700,42750,367053,-3.824521934758155
2022-12-26,42800,43450,42250,42650,294936,-0.23391812865497078
2022-12-27,43150,43700,42550,43200,337183,1.2895662368112544
2022-12-28,42600,43050,41700,42200,360110,-2.314814814814815
2022-12-29,44300,47350,44300,44650,2758353,5.80568720379147
2023-01-02,45050,46500,43600,44200,757531,-1.007838745800672
2023-01-03,44400,45850,42950,45450,798285,2.828054298642534
2023-01-04,44800,45550,44550,45450,574075,0.0
2023-01-05,46200,46600,44700,44750,774271,-1.54015401540154
2023-01-06,44300,44700,42750,44050,940222,-1.564245810055866
2023-01-09,44850,45700,44650,44900,594481,1.9296254256526675
2023-01-10,44700,44700,43500,43550,788600,-3.0066815144766146
2023-01-11,43950,44300,43300,43700,533700,0.3444316877152698
2023-01-12,44400,44450,43550,44300,475988,1.3729977116704806
2023-01-13,44550,45000,44200,44300,522953,0.0
2023-01-16,44900,48250,44850,48250,2235623,8.91647855530474
2023-01-17,48800,48800,45850,46050,1440693,-4.5595854922279795
2023-01-18,46050,46400,44900,45300,723431,-1.6286644951140066
2023-01-19,44800,45300,44300,45000,419590,-0.6622516556291391
2023-01-20,44900,45600,44800,45250,307660,0.5555555555555556
2023-01-25,45950,47000,45650,47000,769384,3.867403314917127
2023-01-26,46750,47200,46100,46850,654070,-0.3191489361702127
2023-01-27,47350,47950,46700,47050,596585,0.42689434364994666
2023-01-30,47250,47800,46500,46500,505681,-1.1689691817215728
2023-01-31,46200,46700,45600,46300,488302,-0.43010752688172044
2023-02-01,46850,47800,46650,46850,557102,1.187904967602592
2023-02-02,47500,47850,46750,47000,568634,0.32017075773745995
2023-02-03,47300,48100,46800,47900,756112,1.9148936170212765
2023-02-06,47850,47850,46300,46300,586449,-3.3402922755741122
2023-02-07,46900,47500,46350,47500,402171,2.591792656587473
2023-02-08,47900,48300,46900,47200,694103,-0.631578947368421
2023-02-09,47850,49400,46500,48600,1165536,2.9661016949152543
2023-02-10,48450,48450,47250,47300,501098,-2.674897119341564
2023-02-13,47300,47300,45500,45900,453092,-2.9598308668076108
2023-02-14,46300,47450,46250,47300,332471,3.0501089324618738
2023-02-15,47150,47350,45100,45200,413858,-4.439746300211417
2023-02-16,45900,48100,45850,47400,834067,4.867256637168142
2023-02-17,46700,47500,46400,46700,391231,-1.4767932489451476
2023-02-20,47200,48950,46450,48550,691020,3.961456102783726
2023-02-21,48350,49300,47600,48500,386308,-0.10298661174047373
2023-02-22,47450,48500,47250,47700,386340,-1.6494845360824744
2023-02-23,48200,48450,47300,48150,302698,0.9433962264150944
2023-02-24,48300,48750,47400,47400,324280,-1.557632398753894
2023-02-27,47050,47550,46300,46750,286627,-1.3713080168776373
2023-02-28,46850,50000,46850,49150,1112833,5.133689839572193
2023-03-02,48900,48900,47150,47900,887192,-2.5432349949135302
2023-03-03,48250,48600,47300,47500,449744,-0.8350730688935281
2023-03-06,47900,47950,46600,46900,631935,-1.263157894736842
2023-03-07,46750,46800,45650,46000,551080,-1.9189765458422177
2023-03-08,45600,45800,44150,44450,735802,-3.369565217391304
2023-03-09,44550,44900,43450,44400,484020,-0.11248593925759282
2023-03-10,43650,43700,42500,42800,637145,-3.6036036036036037
2023-03-13,42750,43600,41900,43150,501357,0.8177570093457943
2023-03-14,42750,43650,42700,42800,489536,-0.8111239860950173
2023-03-15,43750,43950,42000,42850,404246,0.11682242990654204
2023-03-16,42300,42450,41150,41500,536442,-3.150525087514586
2023-03-17,42100,43850,42050,43850,528379,5.662650602409639
2023-03-20,43100,44200,42500,42950,558207,-2.0524515393386547
2023-03-21,44300,44550,40700,41000,2009776,-4.540162980209546
2023-03-22,41850,42550,41400,42350,1088978,3.2926829268292686
2023-03-23,42100,42150,40850,41000,1085473,-3.187721369539551
2023-03-24,41250,41800,40650,41200,733141,0.4878048780487805
2023-03-27,41500,41600,39850,40550,781821,-1.5776699029126213
2023-03-28,40600,41300,40550,41150,527905,1.4796547472256474
2023-03-29,41050,41200,40550,41150,384710,0.0
2023-03-30,41450,42000,41150,41350,604326,0.48602673147023084
2023-03-31,41700,41850,40700,41700,614450,0.8464328899637243
2023-04-03,41750,42000,41150,41250,518101,-1.079136690647482
2023-04-04,41000,41850,40750,41800,847661,1.3333333333333335
2023-04-05,41800,42000,41300,41500,526132,-0.7177033492822966
2023-04-06,39800,40300,39200,39950,948928,-3.734939759036145
2023-04-07,39500,41000,39400,40950,610251,2.5031289111389237
2023-04-10,40800,41050,40250,40750,400409,-0.4884004884004884
2023-04-11,40800,41250,40300,40950,382743,0.49079754601227
2023-04-12,41050,41900,40900,41800,450960,2.0757020757020754
2023-04-13,41700,42300,41250,42000,414719,0.4784688995215311
2023-04-14,42150,42600,41800,42200,510161,0.4761904761904762
2023-04-17,42100,42600,41500,41650,315418,-1.3033175355450237
2023-04-18,41500,41900,40750,40900,329439,-1.800720288115246
2023-04-19,41000,41300,40550,40700,267707,-0.4889975550122249
2023-04-20,40700,41050,40350,40450,273505,-0.6142506142506142
2023-04-21,40350,40550,40050,40250,241396,-0.4944375772558714
2023-04-24,40250,40550,39900,40100,210203,-0.37267080745341613
2023-04-25,40000,40350,39300,39500,330415,-1.4962593516209477
2023-04-26,39150,40800,39100,40050,342942,1.3924050632911391
2023-04-27,40050,40250,39600,40000,186223,-0.12484394506866417
2023-04-28,40050,40850,40000,40350,340862,0.8750000000000001
2023-05-02,40350,41100,39750,40950,297741,1.486988847583643
2023-05-03,40300,40850,39250,39650,736638,-3.1746031746031744
2023-05-04,39350,40000,39250,39900,238495,0.6305170239596469
2023-05-08,40100,40400,39400,39500,347485,-1.0025062656641603
2023-05-09,39500,39650,39150,39400,222126,-0.25316455696202533
2023-05-10,39400,39650,39150,39400,195039,0.0
2023-05-11,39600,39800,39050,39050,246595,-0.8883248730964468
2023-05-12,39100,39500,38750,39350,220555,0.7682458386683738
2023-05-15,39000,39200,38800,38850,211124,-1.2706480304955527
2023-05-16,38800,39200,38200,38350,288192,-1.287001287001287
2023-05-17,38200,39300,38150,38750,284985,1.0430247718383312
2023-05-18,38950,39100,38350,38650,187935,-0.25806451612903225
2023-05-19,38750,39400,38700,39350,230728,1.8111254851228977
2023-05-22,39200,39500,38950,39450,173956,0.25412960609911056
2023-05-23,39500,39500,39200,39450,164162,0.0
2023-05-24,39150,39200,38750,38900,240942,-1.394169835234474
2023-05-25,39100,39300,38600,38750,211599,-0.3856041131105398
2023-05-26,38750,39000,38450,38500,169273,-0.6451612903225806
2023-05-30,38650,39100,38400,38950,234434,1.1688311688311688
2023-05-31,38900,39400,38750,38850,248482,-0.25673940949935814
2023-06-01,38750,39500,38650,39300,225978,1.1583011583011582
2023-06-02,39500,39600,38900,39300,195070,0.0
2023-06-05,39350,39750,39100,39700,229321,1.0178117048346056
2023-06-07,40000,40500,39600,39600,347547,-0.2518891687657431
2023-06-08,39650,39950,39250,39850,328053,0.6313131313131313
2023-06-09,39850,39950,39500,39800,244560,-0.12547051442910914
2023-06-12,39900,40250,39600,39650,254266,-0.37688442211055273
2023-06-13,39850,40300,39600,39650,222634,0.0
2023-06-14,39800,39850,38950,39000,313302,-1.639344262295082
2023-06-15,39100,39300,38000,38200,354633,-2.051282051282051
2023-06-16,38550,38850,38000,38150,763636,-0.13089005235602094
2023-06-19,38200,38500,36600,36800,633484,-3.5386631716906947
2023-06-20,36800,37300,36200,36450,357803,-0.9510869565217392
2023-06-21,36300,36700,35500,35650,456377,-2.194787379972565
2023-06-22,35450,36000,35100,35150,391746,-1.402524544179523
2023-06-23,35400,35600,34400,34750,615608,-1.1379800853485065
2023-06-26,34550,35000,34300,34450,613227,-0.8633093525179856
2023-06-27,34600,35050,34200,34650,654942,0.5805515239477503
2023-06-28,34500,34950,33150,34100,955789,-1.5873015873015872
2023-06-29,34150,34300,33300,33550,419804,-1.6129032258064515
2023-06-30,33250,33550,32700,32850,825787,-2.086438152011923
2023-07-03,32900,33750,32850,33150,501380,0.91324200913242
2023-07-04,33050,33050,32000,32050,772225,-3.3182503770739067
2023-07-05,32050,32250,31250,31350,605564,-2.1840873634945397
2023-07-06,31100,31550,30450,30550,689451,-2.5518341307814993
2023-07-07,30300,30500,29200,29400,910568,-3.764320785597381
2023-07-10,29250,29700,28600,28900,827240,-1.7006802721088436
2023-07-11,29400,30900,29350,30150,1076880,4.325259515570934
2023-07-12,30200,31200,29800,31150,840155,3.316749585406302
2023-07-13,31400,33000,31400,32650,991212,4.815409309791333
2023-07-14,32850,33150,32300,33000,466356,1.0719754977029097
2023-07-17,32950,33700,32300,33450,540851,1.3636363636363635
2023-07-18,33350,33750,32750,33150,361468,-0.8968609865470852
2023-07-19,33200,33300,32350,32850,401439,-0.904977375565611
2023-07-20,32750,33550,32600,32900,331301,0.15220700152207
2023-07-21,32400,32650,31500,32500,450527,-1.21580547112462
2023-07-24,32100,32200,31500,31850,482810,-2.0
2023-07-25,31900,32400,30750,30800,852814,-3.296703296703297
2023-07-26,30800,30850,29100,29450,1003082,-4.383116883116883
2023-07-27,29150,30750,29150,30550,756640,3.7351443123938877
2023-07-28,30450,30650,29700,29900,482951,-2.127659574468085
2023-07-31,30200,32500,29900,31500,760098,5.351170568561873
2023-08-01,31850,33600,31800,32850,963379,4.285714285714286
2023-08-02,33150,33150,31150,31450,904167,-4.26179604261796
2023-08-03,30900,31300,30450,31000,464536,-1.4308426073131957
2023-08-04,31000,31300,30550,31100,374506,0.3225806451612903
2023-08-07,30900,32000,30600,31600,474473,1.607717041800643
2023-08-08,31800,32000,30200,30400,506136,-3.79746835443038
2023-08-09,30150,30550,30050,30450,335002,0.1644736842105263
2023-08-10,30250,30450,29750,30450,493079,0.0
2023-08-11,30150,30900,30050,30050,409140,-1.3136288998357963
2023-08-14,30050,30350,29650,29800,339988,-0.8319467554076538
2023-08-16,29500,29700,28800,28850,507138,-3.1879194630872485
2023-08-17,28550,28700,28000,28350,444558,-1.733102253032929
2023-08-18,27900,28250,27600,27750,377138,-2.1164021164021163
2023-08-21,28000,28850,28000,28200,354590,1.6216216216216217
2023-08-22,28200,28950,28200,28600,281358,1.4184397163120568
2023-08-23,28500,28500,27900,28100,266225,-1.7482517482517483
2023-08-24,28300,28750,28200,28450,211631,1.2455516014234875
2023-08-25,28000,28600,27800,28250,180755,-0.7029876977152899
2023-08-28,28550,28550,28100,28200,187119,-0.17699115044247787
2023-08-29,28300,29150,28300,28850,239230,2.304964539007092
2023-08-30,29300,29600,29000,29250,257312,1.386481802426343
2023-08-31,29250,29500,28200,28450,543121,-2.735042735042735
2023-09-01,28300,28800,28000,28400,267564,-0.17574692442882248
2023-09-04,28450,28850,28300,28700,294747,1.056338028169014
2023-09-05,28850,28950,28400,28550,230840,-0.5226480836236934
2023-09-06,28500,28650,28050,28250,321706,-1.0507880910683012
2023-09-07,28200,28750,27800,27900,345406,-1.238938053097345
2023-09-08,28050,28150,27350,27600,325923,-1.0752688172043012
2023-09-11,27700,28600,27600,27700,462230,0.36231884057971014
2023-09-12,27850,28350,27650,27750,402474,0.18050541516245489
2023-09-13,27600,27800,27150,27600,426079,-0.5405405405405406
2023-09-14,27850,27850,27150,27800,608031,0.7246376811594203
2023-09-15,27800,28400,27700,28350,418384,1.9784172661870503
2023-09-18,28050,28550,27850,27850,246816,-1.763668430335097
2023-09-19,27850,27900,27000,27050,557886,-2.872531418312388
2023-09-20,26900,27200,26350,26400,462025,-2.4029574861367835
2023-09-21,26150,26350,25550,25550,514878,-3.2196969696969697
2023-09-22,25150,25350,24850,25050,420714,-1.9569471624266144
2023-09-25,24800,25350,24800,25050,287039,0.0
2023-09-26,25050,25700,24800,25050,299654,0.0
2023-09-27,25000,25650,24850,25450,281020,1.5968063872255487
2023-10-04,25400,25450,24350,24700,457445,-2.9469548133595285
2023-10-05,24900,25200,24450,24600,270682,-0.4048582995951417
2023-10-06,24550,25400,24550,25150,256994,2.2357723577235773
2023-10-10,25400,25800,25150,25450,343158,1.1928429423459244
2023-10-11,25650,26200,25500,25850,289964,1.5717092337917484
2023-10-12,25850,26150,25700,26000,271157,0.5802707930367506
2023-10-13,25750,25900,25200,25250,234726,-2.8846153846153846
2023-10-16,25100,25400,24500,24850,281889,-1.5841584158415842
2023-10-17,25050,25450,24950,25100,247216,1.0060362173038229
2023-10-18,25100,25350,24300,24300,337904,-3.187250996015936
2023-10-19,24050,24200,23300,23300,454722,-4.11522633744856
2023-10-20,22650,23550,22600,23250,386412,-0.2145922746781116
2023-10-23,22750,23600,22750,23100,281081,-0.6451612903225806
2023-10-24,23300,24150,22800,24100,292437,4.329004329004329
2023-10-25,24150,24150,23600,23700,225063,-1.6597510373443984
2023-10-26,23200,23500,22850,23350,260630,-1.4767932489451476
2023-10-27,23300,24050,23300,23500,278974,0.6423982869379015
2023-10-30,23300,23850,23300,23500,175236,0.0
2023-10-31,23600,24000,23250,23300,203956,-0.851063829787234
2023-11-01,23450,23650,23050,23400,204767,0.4291845493562232
2023-11-02,23800,23950,23400,23800,307806,1.7094017094017095
2023-11-03,24050,25400,23650,25250,599180,6.092436974789916
2023-11-06,26400,26550,25750,26550,703152,5.148514851485149
2023-11-07,26550,26600,25650,26300,411187,-0.9416195856873822
2023-11-08,26050,28250,26050,26950,900342,2.4714828897338403
2023-11-09,26500,27250,26300,26900,396468,-0.1855287569573284
2023-11-10,26550,27050,25700,26000,286987,-3.3457249070631967
2023-11-13,26250,26300,25350,25400,186738,-2.307692307692308
2023-11-14,25300,26000,25300,25350,188806,-0.19685039370078738
2023-11-15,25800,26000,25500,25550,384577,0.7889546351084813
2023-11-16,25550,26050,25300,25900,198121,1.36986301369863
2023-11-17,25700,25700,24600,24600,326965,-5.019305019305019
2023-11-20,24700,25450,24600,25250,231757,2.642276422764228
2023-11-21,25250,26850,25250,26750,521840,5.9405940594059405
2023-11-22,26500,27300,26150,27250,308201,1.8691588785046727
2023-11-23,27250,27300,26600,26950,163735,-1.1009174311926606
2023-11-24,26750,27100,26450,26500,154599,-1.6697588126159555
2023-11-27,26500,27350,26250,26250,324017,-0.9433962264150944
2023-11-28,26400,27450,26400,27300,560882,4.0
2023-11-29,27500,27600,26800,26900,392805,-1.465201465201465
2023-11-30,26500,27350,25800,26350,3681033,-2.0446096654275094
2023-12-01,26550,27250,26200,26200,375758,-0.5692599620493358
2023-12-04,26450,26800,25800,26250,291438,0.19083969465648853
2023-12-05,25950,26200,25250,25500,320865,-2.857142857142857
2023-12-06,25550,25850,25300,25550,189617,0.19607843137254902
2023-12-07,25550,26250,25400,25400,264517,-0.5870841487279843
2023-12-08,25500,26200,25500,25800,288845,1.574803149606299
2023-12-11,25950,26000,25150,25450,207391,-1.3565891472868217
2023-12-12,25450,25550,25150,25250,192289,-0.7858546168958742
2023-12-13,25350,25400,24700,24700,285524,-2.178217821782178
2023-12-14,25200,26800,25200,26800,753408,8.502024291497975
2023-12-15,26550,26750,26250,26550,310866,-0.9328358208955223
2023-12-18,26550,26700,26300,26450,189454,-0.3766478342749529
2023-12-19,26300,26600,25950,26600,271219,0.5671077504725899
2023-12-20,26600,26800,26150,26350,376863,-0.9398496240601504
2023-12-21,26100,26300,25800,26200,275275,-0.5692599620493358
2023-12-22,26400,26550,25550,25550,387951,-2.480916030534351
2023-12-26,25550,25800,25000,25000,274999,-2.152641878669276
2023-12-27,25100,25750,24800,25650,216718,2.6
2023-12-28,25450,25950,25450,25850,195937,0.7797270955165692
2024-01-02,25600,26300,25350,26150,210500,1.160541586073501
2024-01-03,25800,26100,25550,25600,205057,-2.1032504780114722
2024-01-04,25600,25700,25150,25400,179769,-0.78125
2024-01-05,25300,25850,25250,25350,193715,-0.19685039370078738
2024-01-08,25400,26200,25300,26000,251775,2.564102564102564
2024-01-09,26300,26800,26200,26650,308379,2.5
2024-01-10,26750,26800,26100,26250,235576,-1.5009380863039399
2024-01-11,26500,27600,26300,27200,872613,3.619047619047619
2024-01-12,27700,27700,26800,27300,583078,0.3676470588235294
2024-01-15,27350,27450,26350,26600,287251,-2.564102564102564
2024-01-16,26500,26900,25700,25750,294497,-3.195488721804511
2024-01-17,25950,26000,24450,24550,535923,-4.660194174757281
2024-01-18,24450,24800,24050,24250,279329,-1.2219959266802443
2024-01-19,24450,24950,24200,24200,292433,-0.2061855670103093
2024-01-22,24500,24950,24150,24200,250858,0.0
2024-01-23,24400,24950,24100,24850,250914,2.6859504132231407
2024-01-24,25000,25200,24550,24800,196643,-0.2012072434607646
2024-01-25,24600,24650,24100,24550,233618,-1.0080645161290323
2024-01-26,24300,24950,24300,24650,170728,0.40733197556008144
2024-01-29,24750,25100,24400,24600,210110,-0.2028397565922921
2024-01-30,24650,25300,24450,25100,303497,2.0325203252032518
2024-01-31,25050,25100,24350,24550,207469,-2.1912350597609564
2024-02-01,24300,24700,24000,24500,276749,-0.20366598778004072
2024-02-02,24700,25700,24650,25550,386225,4.285714285714286
2024-02-05,25800,26350,25200,25850,273516,1.1741682974559686
2024-02-06,25850,25900,25300,25500,200766,-1.3539651837524178
2024-02-07,25600,26200,25350,25500,243121,0.0
2024-02-08,25450,26450,25400,25450,397558,-0.19607843137254902
2024-02-13,25550,25650,24600,24650,471866,-3.143418467583497
2024-02-14,24350,25150,24250,24950,312711,1.2170385395537524
2024-02-15,25200,25550,24950,25100,370504,0.6012024048096193
2024-02-16,25200,25650,25100,25350,187173,0.9960159362549801
2024-02-19,25300,25650,25200,25300,170725,-0.19723865877712032
2024-02-20,25300,25350,24850,25000,185492,-1.185770750988142
2024-02-21,24800,25300,24750,24950,188451,-0.2
2024-02-22,24950,25150,24550,24650,251946,-1.2024048096192386
2024-02-23,24750,24800,24250,24250,318253,-1.6227180527383367
2024-02-26,24400,24550,24100,24350,165381,0.4123711340206186
2024-02-27,24250,24650,24150,24450,191727,0.41067761806981523
2024-02-28,24350,24750,24300,24350,195110,-0.408997955010225
2024-02-29,24200,24300,23450,23450,466095,-3.696098562628337
2024-03-04,23750,24350,23550,23700,285969,1.0660980810234542
2024-03-05,23700,23750,23150,23350,216249,-1.4767932489451476
2024-03-06,23350,23450,23100,23150,265228,-0.8565310492505354
2024-03-07,23200,23300,22800,22950,286213,-0.8639308855291578
2024-03-08,22950,23400,22900,23000,178125,0.2178649237472767
2024-03-11,23050,23850,22850,23850,276195,3.6956521739130435
2024-03-12,23750,24100,23600,23750,166764,-0.41928721174004197
2024-03-13,23900,23900,23550,23700,164229,-0.21052631578947367
2024-03-14,23600,24100,23550,23550,292434,-0.6329113924050633
2024-03-15,23400,23550,23000,23150,217271,-1.6985138004246285
2024-03-18,23150,23350,23000,23300,104421,0.6479481641468683
2024-03-19,23100,23350,23000,23250,181919,-0.2145922746781116
2024-03-20,23250,23550,23050,23050,214007,-0.8602150537634409
2024-03-21,23350,23500,23100,23100,215395,0.21691973969631237
2024-03-22,23100,23300,22900,23200,143601,0.4329004329004329
2024-03-25,23200,23550,23050,23500,169862,1.293103448275862
2024-03-26,23500,23900,23350,23750,213999,1.0638297872340425
2024-03-27,23800,24100,23600,23750,233217,0.0
2024-03-28,23800,24000,23300,23350,220258,-1.6842105263157894
2024-03-29,23450,23500,22800,23000,288844,-1.4989293361884368
2024-04-01,23200,23800,23050,23700,239432,3.0434782608695654
2024-04-02,23500,23600,22900,23050,320549,-2.7426160337552745
2024-04-03,22950,23050,22800,23000,178703,-0.21691973969631237
2024-04-04,23000,23150,22200,22250,443320,-3.260869565217391
2024-04-05,22000,22250,21750,21850,250061,-1.7977528089887642
2024-04-08,21850,21900,21250,21350,279906,-2.2883295194508007
2024-04-09,21350,21650,21200,21200,210592,-0.702576112412178
2024-04-11,21200,21200,20750,20950,252119,-1.179245283018868
2024-04-12,21000,21150,20550,20550,208373,-1.9093078758949882
2024-04-15,20200,20300,19960,20000,243562,-2.67639902676399
2024-04-16,19810,20250,19810,20200,273895,1.0
2024-04-17,20050,20800,20050,20750,216777,2.722772277227723
2024-04-18,20350,20800,20350,20750,134870,0.0
2024-04-19,20350,20850,20250,20750,180734,0.0
2024-04-22,20950,21100,20750,20900,135272,0.7228915662650602
2024-04-23,20750,21200,20750,20950,123071,0.23923444976076555
2024-04-24,21150,21300,20900,21050,115881,0.47732696897374705
2024-04-25,20750,21100,20700,20900,79431,-0.7125890736342043
2024-04-26,21100,21250,20850,21100,109912,0.9569377990430622
2024-04-29,21300,21850,21200,21800,176520,3.3175355450236967
2024-04-30,21650,21950,21600,21800,121009,0.0
2024-05-02,21800,22000,21650,21900,99331,0.45871559633027525
2024-05-03,22000,22250,21950,22250,122453,1.5981735159817352
2024-05-07,22400,22500,22000,22050,200374,-0.8988764044943821
2024-05-08,22250,22400,21850,22250,163464,0.9070294784580499
2024-05-09,22250,22350,21850,21950,197677,-1.348314606741573
2024-05-10,22100,23200,22050,22150,559310,0.9111617312072893
2024-05-13,22100,22200,21650,21700,132479,-2.0316027088036117
2024-05-14,21700,22200,21650,21700,149841,0.0
2024-05-16,22150,22150,21650,21750,114826,0.2304147465437788
2024-05-17,21800,22250,21800,22050,191063,1.3793103448275863
2024-05-20,22100,22150,21550,21650,170142,-1.8140589569160999
2024-05-21,21700,21750,21350,21400,115267,-1.1547344110854503
2024-05-22,21400,21650,21300,21600,97299,0.9345794392523363
2024-05-23,21450,21900,21250,21750,121052,0.6944444444444444
2024-05-24,21550,21850,21400,21650,88139,-0.45977011494252873
2024-05-27,21700,21950,21400,21800,173988,0.6928406466512702
2024-05-28,21700,21750,20950,21000,241602,-3.669724770642202
2024-05-29,20950,20950,20500,20550,158859,-2.142857142857143
2024-05-30,20550,20650,20300,20650,112501,0.48661800486618007
2024-05-31,20500,21350,20500,21350,225108,3.389830508474576
2024-06-03,21300,21550,20900,21100,155915,-1.1709601873536302
2024-06-04,20900,21100,20750,20900,104313,-0.9478672985781991
2024-06-05,20800,20950,20600,20800,97992,-0.4784688995215311
2024-06-07,20900,21100,20550,20550,126531,-1.201923076923077
2024-06-10,20400,20550,20000,20150,174567,-1.9464720194647203
2024-06-11,20100,20650,20050,20150,131597,0.0
2024-06-12,20200,20400,20100,20300,118147,0.7444168734491315
2024-06-13,20350,20500,20150,20150,286539,-0.7389162561576355
2024-06-14,20200,20800,20050,20600,342480,2.2332506203473943
2024-06-17,20500,20750,20100,20500,140927,-0.48543689320388345
2024-06-18,20550,20650,20050,20350,181612,-0.7317073170731708
2024-06-19,20500,21900,20500,21700,606378,6.6339066339066335
2024-06-20,21700,21900,21200,21400,202108,-1.3824884792626728
2024-06-21,21250,21400,20550,20550,262165,-3.9719626168224296
2024-06-24,20600,20900,20150,20200,172358,-1.70316301703163
2024-06-25,20150,20650,20150,20300,120011,0.49504950495049505
2024-06-26,20300,21050,20300,20450,180061,0.7389162561576355
2024-06-27,20500,20600,20150,20200,159091,-1.2224938875305624
2024-06-28,20300,20500,20100,20500,121976,1.4851485148514851
2024-07-01,20400,20750,20300,20700,124823,0.975609756097561
2024-07-02,20500,20650,20200,20450,148679,-1.2077294685990339
2024-07-03,20400,20750,20250,20300,157050,-0.7334963325183375
2024-07-04,20200,20350,18990,19030,1001752,-6.25615763546798
2024-07-05,19200,19780,19170,19510,446532,2.5223331581713087
2024-07-08,19320,19410,19000,19260,272432,-1.2813941568426448
2024-07-09,19250,19640,19210,19460,241181,1.0384215991692627
2024-07-10,19400,19600,19110,19490,223749,0.1541623843782117
2024-07-11,19650,19650,19220,19520,211614,0.1539250897896357
2024-07-12,19490,19880,19330,19420,200043,-0.5122950819672131
2024-07-15,19420,19620,19210,19460,174669,0.20597322348094746
2024-07-16,19360,19450,18940,18940,363094,-2.672147995889003
2024-07-17,18940,19390,18940,19300,214471,1.9007391763463568
2024-07-18,19370,19440,19040,19110,165530,-0.9844559585492229
2024-07-19,19010,19250,19010,19170,115747,0.3139717425431711
2024-07-22,19020,19240,18760,18970,175350,-1.0432968179447053
2024-07-23,18730,19100,17950,17950,577330,-5.376910911966262
2024-07-24,17810,18180,17490,17940,236007,-0.05571030640668524
2024-07-25,17620,18410,17620,18340,233301,2.229654403567447
2024-07-26,18440,18500,18110,18490,109561,0.8178844056706652
2024-07-29,18520,18690,18440,18500,84471,0.05408328826392645
2024-07-30,18400,18750,18310,18310,92620,-1.027027027027027
2024-07-31,18280,18710,18100,18660,116101,1.9115237575095576
2024-08-01,18660,19420,18560,19240,214421,3.1082529474812435
2024-08-02,19150,19510,18780,19250,189523,0.05197505197505198
2024-08-05,19140,19170,17300,17400,350416,-9.61038961038961
2024-08-06,18000,18470,17650,18130,231691,4.195402298850575
2024-08-07,17700,18140,17640,18100,313766,-0.1654715940430226
2024-08-08,17760,18000,17250,18000,390538,-0.5524861878453038
2024-08-09,18140,18310,17250,17250,400168,-4.166666666666666
2024-08-12,17270,17700,17230,17400,258817,0.8695652173913043
2024-08-13,17400,17470,16960,17000,217027,-2.2988505747126435
2024-08-14,17080,17800,17080,17800,305499,4.705882352941177
2024-08-16,17930,17950,17310,17310,220299,-2.752808988764045
2024-08-19,17310,17630,17140,17180,161936,-0.7510109763142693
2024-08-20,17200,17310,17110,17180,139887,0.0
2024-08-21,17180,17280,17140,17230,100591,0.2910360884749709
2024-08-22,17600,18640,17600,18390,823237,6.7324434126523505
2024-08-23,18420,18430,17980,18400,195162,0.0543773790103317
2024-08-26,18310,19090,18230,18740,348717,1.8478260869565217
2024-08-27,18700,18800,18360,18440,153182,-1.6008537886872998
2024-08-28,18500,18500,18100,18180,142311,-1.4099783080260302
2024-08-29,18050,18720,17950,18430,146078,1.3751375137513753
2024-08-30,18430,18580,18270,18270,108610,-0.8681497558328812
2024-09-02,18180,18260,18000,18130,140442,-0.7662835249042145
2024-09-03,18150,18250,17680,17690,184656,-2.4269167126309985
2024-09-04,17300,17400,16650,16650,440008,-5.879027699265121
2024-09-05,16660,17340,16660,17090,185265,2.6426426426426426
2024-09-06,17120,18150,16900,16900,411696,-1.1117612638970158
2024-09-09,16720,16890,16420,16770,138780,-0.7692307692307693
2024-09-10,16780,16860,16440,16620,182067,-0.8944543828264758
2024-09-11,16640,16970,16510,16620,133015,0.0
2024-09-12,16790,17100,16760,16900,180131,1.684717208182912
2024-09-13,17180,17240,16870,17220,116150,1.8934911242603552
2024-09-19,17240,17400,16830,16930,165874,-1.684088269454123
2024-09-20,17050,17170,16610,16620,268587,-1.831069108092144
2024-09-23,16520,16810,16520,16730,111395,0.6618531889290011
2024-09-24,16710,17250,16710,17240,196732,3.048416019127316
2024-09-25,17300,17560,17220,17230,246439,-0.058004640371229696
2024-09-26,17470,17790,17330,17750,207895,3.0179918746372607
2024-09-27,17600,17920,17500,17910,162881,0.9014084507042254
2024-09-30,18080,18120,17500,17500,162198,-2.2892238972640984
2024-10-02,17270,17600,17210,17500,116325,0.0
2024-10-04,17500,18270,17450,18210,272779,4.057142857142857
2024-10-07,18210,18310,17880,17990,109239,-1.2081274025260844
2024-10-08,17710,18060,17710,17800,111245,-1.056142301278488
2024-10-10,17810,17920,17480,17500,318856,-1.6853932584269662
2024-10-11,17670,17750,16940,16960,240461,-3.085714285714286
2024-10-14,16960,17080,16630,16740,171002,-1.2971698113207548
2024-10-15,16790,17250,16680,17220,153161,2.867383512544803
2024-10-16,16940,17100,16830,16850,123996,-2.148664343786295
2024-10-17,16900,16970,16680,16690,96544,-0.9495548961424332
2024-10-18,16700,16780,16410,16420,188336,-1.6177351707609346
2024-10-21,16480,17570,16480,17440,389260,6.211936662606577
2024-10-22,17390,17470,16760,16800,175051,-3.669724770642202
2024-10-23,16960,17350,16510,17260,202612,2.738095238095238
2024-10-24,17260,17260,16700,16750,156033,-2.954808806488992
2024-10-25,16910,16910,16400,16580,164154,-1.0149253731343284
2024-10-28,16600,16960,16560,16920,145911,2.0506634499396865
2024-10-29,16750,17290,16660,17290,210447,2.186761229314421
2024-10-30,17240,18080,17170,17570,252354,1.6194331983805668
2024-10-31,17570,17780,17220,17760,187648,1.0813887307911212
2024-11-01,17650,17650,17240,17260,92092,-2.815315315315315
2024-11-04,17250,17720,17250,17700,182264,2.549246813441483
2024-11-05,17710,18660,17550,18630,532348,5.2542372881355925
2024-11-06,18670,19100,17530,17750,548630,-4.7235641438539995
2024-11-07,17570,17900,17380,17630,182642,-0.676056338028169
2024-11-08,18000,18010,17050,17050,231327,-3.2898468519568915
2024-11-11,17010,17100,16380,16380,286742,-3.929618768328446
2024-11-12,16100,16500,15720,15850,330428,-3.235653235653236
2024-11-13,15900,15970,15530,15620,179690,-1.451104100946372
2024-11-14,15620,16040,15380,15390,241247,-1.47247119078105
2024-11-15,15330,15720,15000,15480,197788,0.5847953216374269
2024-11-18,15470,15960,15430,15850,122756,2.3901808785529712
2024-11-19,15730,16050,15730,15950,111547,0.6309148264984227
2024-11-20,15870,16200,15870,15970,123995,0.12539184952978058
2024-11-21,16120,16260,15900,16030,105083,0.37570444583594237
2024-11-22,16070,16570,16030,16450,162506,2.6200873362445414
2024-11-25,16490,17090,16460,17030,236260,3.525835866261398
2024-11-26,16990,17180,16810,17180,136180,0.8807985907222547
2024-11-27,17180,17720,17100,17570,277028,2.270081490104773
2024-11-28,17720,18040,17490,17980,188848,2.333523050654525
2024-11-29,17980,18200,17630,18150,189823,0.9454949944382648
2024-12-02,18320,19120,18120,18970,696509,4.517906336088155
2024-12-03,19120,19290,18700,18700,386829,-1.4232999472851873
2024-12-04,18200,19800,18180,19410,1040336,3.796791443850268
2024-12-05,19170,19200,17860,18190,501171,-6.285419886656363
2024-12-06,18390,18800,17960,18510,545635,1.7592083562396923
2024-12-09,18300,18670,17290,17290,410302,-6.591031874662345
2024-12-10,17460,17960,17300,17480,239434,1.098901098901099
2024-12-11,17570,18190,17510,17650,260507,0.9725400457665904
2024-12-12,17820,17890,17430,17670,420778,0.11331444759206798
2024-12-13,17730,22500,17730,20900,8208317,18.27956989247312
2024-12-16,21000,21100,19190,19300,2487585,-7.655502392344498
2024-12-17,19260,19620,18890,18950,1266299,-1.8134715025906734
2024-12-18,19000,19790,18800,19070,1779949,0.6332453825857519
2024-12-19,18650,19070,18340,18370,592335,-3.6706869428421607
2024-12-20,18390,18550,17590,17610,589579,-4.137180185084377
2024-12-23,17750,17970,17290,17840,349083,1.306076093128904
2024-12-24,17800,18190,17720,17900,328587,0.336322869955157
2024-12-26,18040,18180,16920,17000,543912,-5.027932960893855
2024-12-27,17000,17250,16510,16750,378526,-1.4705882352941175
2024-12-30,16440,16840,16380,16380,239724,-2.208955223880597
2025-01-02,16440,16840,16120,16300,333786,-0.4884004884004884
2025-01-03,16320,16780,16320,16640,280361,2.085889570552147
2025-01-06,16640,16920,16590,16920,210628,1.6826923076923077
2025-01-07,16950,17240,16800,16820,253585,-0.5910165484633569
2025-01-08,16790,16870,16650,16790,176697,-0.178359096313912
2025-01-09,16730,17250,16570,17250,271957,2.73972602739726
2025-01-10,17070,17070,16700,16710,231978,-3.130434782608696
2025-01-13,16510,16610,16220,16300,276131,-2.453620586475165
2025-01-14,16330,16650,16300,16650,175487,2.147239263803681
2025-01-15,16660,16820,16400,16450,141614,-1.2012012012012012
2025-01-16,16550,16920,16540,16720,226136,1.6413373860182372
2025-01-17,16710,16810,16600,16640,142897,-0.4784688995215311
2025-01-20,16710,16780,16340,16660,174989,0.1201923076923077
2025-01-21,16660,16940,16400,16450,185735,-1.2605042016806722
2025-01-22,16450,16620,16340,16500,167865,0.303951367781155
2025-01-23,16500,16540,16050,16050,224612,-2.727272727272727
2025-01-24,16050,16100,15940,15940,172743,-0.6853582554517134
2025-01-31,15940,16410,15940,16230,192828,1.819322459222083
2025-02-03,16070,16120,15600,16000,338884,-1.4171287738755391
2025-02-04,16230,16560,16080,16260,289298,1.625
2025-02-05,16300,16960,16300,16690,515134,2.6445264452644524
2025-02-06,16850,17070,16700,16750,279807,0.35949670461354105
2025-02-07,16660,16710,16370,16390,194217,-2.1492537313432836
2025-02-10,16240,16610,16240,16280,197936,-0.6711409395973155
2025-02-11,16300,16640,16220,16610,267019,2.027027027027027
2025-02-12,16530,16530,16100,16140,352173,-2.8296207104154125
2025-02-13,16140,16340,15910,16340,401118,1.2391573729863694
2025-02-14,16300,16300,16010,16010,222260,-2.0195838433292534
2025-02-17,16040,16090,15910,16010,133114,0.0
2025-02-18,16050,16060,15820,15950,199601,-0.3747657713928795
2025-02-19,15930,16200,15900,16160,205699,1.316614420062696
2025-02-20,16270,16800,16250,16440,532822,1.7326732673267329
2025-02-21,16440,16520,16340,16470,197747,0.18248175182481752
2025-02-24,16370,16600,16250,16520,124255,0.3035822707953855
2025-02-25,16360,16610,16340,16380,170155,-0.847457627118644
2025-02-26,16380,16830,16380,16680,402697,1.8315018315018317
2025-02-27,16710,16770,16540,16580,174603,-0.5995203836930456
2025-02-28,16360,16420,15980,15980,278537,-3.618817852834741
2025-03-04,15900,15980,15570,15580,328747,-2.5031289111389237
2025-03-05,15580,15910,15580,15660,111844,0.5134788189987163
2025-03-06,15660,15960,15660,15870,202588,1.3409961685823755
2025-03-07,15730,15910,15670,15680,151064,-1.1972274732199117
2025-03-10,15630,15850,15560,15650,126163,-0.1913265306122449
2025-03-11,15480,15550,15120,15280,257382,-2.364217252396166
2025-03-12,15220,15590,15200,15560,147916,1.832460732984293
2025-03-13,15650,15890,15410,15890,261533,2.120822622107969
2025-03-14,15720,15770,15580,15600,162447,-1.825047199496539
2025-03-17,15600,15680,15550,15550,122586,-0.3205128205128205
2025-03-18,15610,15800,15500,15590,160113,0.2572347266881029
2025-03-19,15590,15770,15590,15740,121118,0.9621552277100706
2025-03-20,15770,15880,15630,15650,127173,-0.5717916137229987
2025-03-21,15750,15860,15600,15680,196949,0.19169329073482427
2025-03-24,15570,15740,15510,15510,86811,-1.0841836734693877
2025-03-25,15520,15670,15300,15300,110744,-1.3539651837524178
2025-03-26,15300,15380,15210,15320,133271,0.130718954248366
2025-03-27,15280,15470,15230,15350,67659,0.19582245430809397
2025-03-28,15270,15350,15080,15100,93059,-1.6286644951140066
2025-03-31,14970,14970,14220,14370,439908,-4.8344370860927155
2025-04-01,14370,14920,14370,14700,173123,2.2964509394572024
2025-04-02,14710,14730,14270,14350,115766,-2.380952380952381
2025-04-03,14030,14270,13940,14200,137699,-1.0452961672473868
2025-04-04,14000,14840,14000,14510,208805,2.1830985915492955
2025-04-07,14100,14170,13910,13960,210034,-3.790489317711923
2025-04-08,14100,14220,13420,13420,282694,-3.8681948424068766
2025-04-09,13330,13440,12900,13030,308109,-2.9061102831594634
2025-04-10,13550,13770,13240,13770,336692,5.6792018419033
2025-04-11,13450,13540,13240,13300,229844,-3.413217138707335
2025-04-14,13310,13620,13220,13300,184627,0.0
2025-04-15,13310,13480,13260,13400,82970,0.7518796992481203
2025-04-16,13280,13350,13100,13120,103353,-2.0895522388059704
2025-04-17,13080,13440,13020,13340,104371,1.676829268292683
2025-04-18,13380,13600,13330,13590,88130,1.8740629685157422
2025-04-21,13470,13600,13360,13440,81221,-1.1037527593818985
2025-04-22,13440,13680,13280,13480,65549,0.2976190476190476
2025-04-23,13600,13990,13510,13970,131518,3.635014836795252
2025-04-24,13840,14170,13840,14170,110838,1.4316392269148175
2025-04-25,14180,14360,13960,14260,112132,0.6351446718419196
2025-04-28,14260,14520,14180,14300,135144,0.2805049088359046
2025-04-29,14300,14440,14250,14370,60975,0.48951048951048953
2025-04-30,14230,14440,14110,14200,114531,-1.1830201809324983
2025-05-02,14200,14440,14120,14180,112907,-0.14084507042253522
2025-05-07,14500,14500,14000,14360,113661,1.2693935119887165
2025-05-08,14360,14360,13790,13860,256360,-3.4818941504178276
2025-05-09,13870,14100,13790,13880,93585,0.1443001443001443
2025-05-12,14050,14210,13880,14190,89503,2.23342939481268
2025-05-13,14290,14420,14190,14260,73131,0.49330514446793516
2025-05-14,14350,14450,14040,14350,120099,0.6311360448807855
2025-05-15,14220,14470,14210,14240,66846,-0.7665505226480837
2025-05-16,14250,14640,14130,14180,160900,-0.42134831460674155
2025-05-19,14090,14160,13690,13860,104064,-2.2566995768688294
2025-05-20,13990,14000,13660,13730,90276,-0.937950937950938
2025-05-21,13720,15300,13720,15090,775902,9.905316824471958
2025-05-22,15010,15290,14540,14740,208104,-2.319416832339298
2025-05-23,14770,14850,14140,14190,191595,-3.731343283582089
2025-05-26,14410,15430,14370,15130,394159,6.624383368569416
2025-05-27,15050,16150,15030,16000,618736,5.750165234633179
2025-05-28,16100,16760,15960,16150,552187,0.9375
2025-05-29,16420,16550,16000,16360,280350,1.3003095975232197
2025-05-30,16210,16420,16010,16190,192441,-1.039119804400978
2025-06-02,16150,16780,15990,16680,401743,3.026559604694256
2025-06-04,17080,17140,16330,16350,428987,-1.9784172661870503
2025-06-05,16430,16940,16310,16640,246081,1.7737003058103975
2025-06-09,16900,18250,16840,17500,1092614,5.168269230769231
2025-06-10,18450,18470,16930,17010,618829,-2.8000000000000003
2025-06-11,16970,17220,16710,16990,333787,-0.11757789535567313
2025-06-12,17060,17380,16890,17090,378267,0.5885815185403178
2025-06-13,17890,18200,17200,17370,619179,1.638385020479813
2025-06-16,17260,17370,16760,17070,262321,-1.7271157167530224
2025-06-17,17070,17290,16360,16570,329133,-2.9291154071470418
2025-06-18,16400,18450,16350,17520,1143631,5.733252866626434
2025-06-19,17700,17980,17060,17560,439913,0.228310502283105
2025-06-20,18470,18690,17700,18560,882115,5.694760820045558
2025-06-23,18080,18100,17640,18100,707893,-2.478448275862069
2025-06-24,18450,23500,18110,23500,7242040,29.83425414364641
2025-06-25,23000,23600,21650,21900,3875267,-6.808510638297872
2025-06-26,21350,21550,19850,20100,1302401,-8.21917808219178
2025-06-27,20200,21300,19400,20300,2131605,0.9950248756218906
2025-06-30,19520,20100,19000,19120,1118151,-5.8128078817733995
2025-07-01,19230,19670,18810,18840,653483,-1.4644351464435146
2025-07-02,19170,19300,18310,18450,573857,-2.0700636942675157
2025-07-03,18450,18780,18410,18450,387041,0.0
2025-07-04,18550,18600,18000,18040,365413,-2.2222222222222223
2025-07-07,17860,18270,17800,17940,271448,-0.5543237250554324
2025-07-08,18010,18290,17910,18140,233204,1.1148272017837235
2025-07-09,18270,18270,17800,18060,237298,-0.4410143329658214
2025-07-10,18200,18470,17960,18470,391109,2.2702104097452933
2025-07-11,18790,18830,18110,18200,317434,-1.4618299945858149
2025-07-14,18220,18220,17480,17660,370431,-2.9670329670329667
2025-07-15,17550,17860,17390,17500,232328,-0.9060022650056626
2025-07-16,17500,17580,17400,17420,148841,-0.4571428571428572
2025-07-17,17580,17660,17250,17370,164471,-0.28702640642939153
2025-07-18,17370,17500,17270,17360,112298,-0.05757052389176742
2025-07-21,17320,17560,17280,17550,149040,1.0944700460829493
2025-07-22,17570,17610,17360,17360,168098,-1.0826210826210827
2025-07-23,17390,17460,16920,17160,195384,-1.1520737327188941
2025-07-24,17140,17250,16920,16930,156214,-1.3403263403263403
2025-07-25,16880,17350,16880,17290,153203,2.12640283520378
2025-07-28,17330,17540,17110,17260,125143,-0.1735106998264893
2025-07-29,17110,17330,16980,17280,110073,0.11587485515643105
2025-07-30,17110,17420,17110,17210,131871,-0.40509259259259256
2025-07-31,17170,17290,17080,17180,143798,-0.17431725740848344
2025-08-01,17050,17080,16410,16600,219030,-3.3760186263096625
2025-08-04,16430,17190,16430,16800,222528,1.2048192771084338
2025-08-05,16820,16920,16580,16880,202729,0.4761904761904762
2025-08-06,16990,16990,16570,16750,147720,-0.7701421800947867
2025-08-07,16750,16810,16310,16730,374386,-0.11940298507462686
2025-08-08,16740,16880,16560,16670,118174,-0.35863717872086076
2025-08-11,16520,16620,16390,16400,167356,-1.6196760647870425
2025-08-12,16440,17240,16430,16600,275164,1.2195121951219512
2025-08-13,16850,16940,16560,16740,193410,0.8433734939759037
2025-08-14,16740,16950,16600,16850,178874,0.6571087216248507
2025-08-18,16720,16800,16480,16490,117475,-2.136498516320475
2025-08-19,16590,16810,16420,16640,143381,0.9096422073984234
2025-08-20,16410,16480,16050,16400,152995,-1.4423076923076923
2025-08-21,16260,16700,16260,16270,130208,-0.7926829268292683
2025-08-22,16220,16380,16160,16220,55914,-0.30731407498463426
2025-08-25,16350,16550,16230,16490,79124,1.6646115906288532
2025-08-26,16470,16680,16340,16530,105755,0.2425712553062462
2025-08-27,16470,16700,16340,16480,86311,-0.3024803387779794
2025-08-28,16410,16600,16300,16580,78486,0.6067961165048543
2025-08-29,16500,16610,16180,16190,118463,-2.3522316043425815
2025-09-01,16010,16080,15650,15770,147349,-2.5941939468807904
2025-09-02,15660,16020,15590,15700,83918,-0.4438807863031071
2025-09-03,15600,15820,15530,15700,69376,0.0
2025-09-04,15710,15890,15710,15860,71708,1.019108280254777
2025-09-05,15800,15930,15700,15700,88645,-1.008827238335435
2025-09-08,15790,15970,15740,15860,88127,1.019108280254777
2025-09-09,15890,15970,15800,15950,76432,0.5674653215636822
2025-09-10,15910,16150,15910,16090,109154,0.877742946708464
2025-09-11,16140,16180,15970,16060,177430,-0.18645121193287756
2025-09-12,16180,16530,16140,16420,188410,2.2415940224159403
2025-09-15,16300,16400,16260,16260,81097,-0.9744214372716199
2025-09-16,16270,16330,16050,16050,131461,-1.2915129151291513
2025-09-17,16010,16190,15950,16170,92061,0.7476635514018692
2025-09-18,16200,16530,16170,16520,123823,2.1645021645021645
2025-09-19,16430,16690,16310,16310,148792,-1.2711864406779663
2025-09-22,16340,16430,16200,16250,112761,-0.3678724708767627
2025-09-23,16130,16260,15990,16060,134116,-1.1692307692307693
2025-09-24,16230,16290,15800,15930,125355,-0.809464508094645
2025-09-25,15870,16080,15800,16080,104482,0.9416195856873822
2025-09-26,15940,15980,15640,15720,127798,-2.2388059701492535
2025-09-29,15850,16100,15800,15860,73414,0.8905852417302799
2025-09-30,15700,15870,15610,15610,107271,-1.5762925598991173
2025-10-01,15600,15850,15600,15610,59019,0.0
2025-10-02,16040,16130,15710,15870,227576,1.6655989750160152
2025-10-10,15810,15830,15470,15520,186904,-2.2054190296156273
2025-10-13,15200,15460,15040,15310,142701,-1.3530927835051547
2025-10-14,15270,15470,15100,15190,136921,-0.7838014369693012
2025-10-15,15180,15450,15170,15420,112340,1.5141540487162608
2025-10-16,15510,15660,15300,15480,125034,0.38910505836575876
2025-10-17,15200,15370,15120,15150,192963,-2.131782945736434
2025-10-20,15150,15310,14920,15260,150549,0.7260726072607261
2025-10-21,15360,16030,15300,15770,326794,3.3420707732634334
2025-10-22,16050,16050,15610,15850,130776,0.507292327203551
2025-10-23,15670,15940,15580,15670,137955,-1.135646687697161
2025-10-24,15680,15790,15550,15660,138640,-0.06381620931716657
2025-10-27,15670,16030,15620,16000,203823,2.1711366538952745
2025-10-28,16020,16500,15940,16200,211993,1.25
2025-10-29,16210,16640,16090,16340,283500,0.8641975308641975
2025-10-30,16630,16680,15980,16040,202564,-1.8359853121175032
2025-10-31,16040,16310,16040,16110,147863,0.4364089775561097
2025-11-03,16960,17650,16850,16930,773960,5.0900062073246435
2025-11-04,16610,17190,16560,16880,223797,-0.29533372711163614
2025-11-05,17310,17310,16350,16660,369368,-1.3033175355450237
2025-11-06,16820,16960,15920,15990,266811,-4.021608643457383
2025-11-07,15900,15980,15370,15710,198036,-1.7510944340212633
2025-11-10,16010,16680,16000,16620,266703,5.792488860598345
2025-11-11,16510,18310,16390,16400,1507468,-1.3237063778580023
2025-11-12,16200,16870,16200,16870,333679,2.8658536585365857
2025-11-13,16710,17050,16610,17000,205066,0.7705986959098993
2025-11-14,16850,17160,16560,16580,201856,-2.4705882352941173
2025-11-17,16670,16700,16200,16250,144336,-1.9903498190591074
2025-11-18,16130,16200,15710,15710,203726,-3.323076923076923
2025-11-19,15760,15800,15350,15730,124057,0.1273074474856779
2025-11-20,15750,16110,15750,15960,132623,1.4621741894469167
2025-11-21,15470,15730,15390,15700,124511,-1.6290726817042605
2025-11-24,15890,16450,15840,15970,206902,1.7197452229299364
2025-11-25,16000,16130,15350,15480,140552,-3.068252974326863
2025-11-26,15510,15850,15480,15670,115001,1.227390180878553
2025-11-27,15690,15830,15500,15510,91258,-1.0210593490746651
2025-11-28,15660,15730,15500,15610,128379,0.6447453255963894
2025-12-01,15630,16320,15630,16000,234554,2.498398462524023
2025-12-02,16250,16520,16120,16270,174351,1.6875
2025-12-03,16300,16540,16240,16430,110808,0.9834050399508296
2025-12-04,16440,16680,16380,16680,204817,1.5216068167985393
2025-12-05,16550,16740,16300,16710,190857,0.1798561151079137
2025-12-08,16550,16750,16140,16300,245398,-2.453620586475165
2025-12-09,16290,16300,16020,16070,105909,-1.4110429447852761
2025-12-10,16050,16230,15770,15820,155702,-1.5556938394523958
2025-12-11,15830,15960,15640,15960,394275,0.8849557522123894
2025-12-12,15910,16070,15750,15950,132289,-0.06265664160401002
2025-12-15,15780,15780,15570,15640,119699,-1.9435736677115987
2025-12-16,15640,15650,15370,15450,154843,-1.2148337595907928
2025-12-17,15460,15600,15320,15430,121622,-0.12944983818770225
2025-12-18,15580,15590,15230,15360,88973,-0.45366169799092676
2025-12-19,15390,15530,15270,15430,122846,0.4557291666666667
2025-12-22,15500,15630,15250,15510,101468,0.5184705119896306
2025-12-23,15500,15640,15250,15300,136303,-1.3539651837524178
2025-12-24,15300,15330,15110,15280,102682,-0.130718954248366
2025-12-26,15260,15440,15080,15110,158829,-1.112565445026178
2025-12-29,15020,15150,14920,15100,123566,-0.06618133686300463
2025-12-30,14960,15170,14900,14900,146386,-1.3245033112582782
2026-01-02,14980,15430,14890,15390,148819,3.2885906040268456
2026-01-05,15540,15890,15260,15280,179162,-0.7147498375568551
2026-01-06,15280,15470,15160,15210,103451,-0.45811518324607325
2026-01-07,15190,15250,14700,14840,252078,-2.4326101249178174
2026-01-08,14810,14900,13650,14540,270743,-2.0215633423180592
2026-01-09,14540,14650,14330,14400,107233,-0.9628610729023385
2026-01-12,14400,14600,14240,14450,158362,0.3472222222222222
2026-01-13,14450,14560,14350,14490,122686,0.27681660899653976
2026-01-14,14450,14760,14350,14660,161608,1.173222912353347
2026-01-15,14550,14650,14410,14510,151892,-1.023192360163711
2026-01-16,14440,14590,14260,14300,200735,-1.447277739490007
2026-01-19,14210,14270,14040,14090,164957,-1.4685314685314685
2026-01-20,14020,14420,14000,14330,268411,1.7033356990773598
2026-01-21,14080,14230,13930,13970,241637,-2.5122121423586883
2026-01-22,13980,14330,13980,14250,166958,2.0042949176807445
2026-01-23,14370,15080,14300,15000,620873,5.263157894736842
2026-01-26,15140,16240,15080,16240,879306,8.266666666666666
2026-01-27,15930,17080,15860,16320,791100,0.49261083743842365
2026-01-28,16400,17200,16340,17200,871893,5.392156862745098
2026-01-29,17460,18060,17010,17740,854281,3.1395348837209305
2026-01-30,17800,18440,17690,17760,695760,0.11273957158962795
2026-02-02,16990,17150,16200,16310,513205,-8.164414414414415
2026-02-03,16780,16780,15690,16170,543009,-0.8583690987124464
2026-02-04,16100,16150,15800,16000,308141,-1.051329622758194
2026-02-05,16380,16640,15790,15790,506440,-1.3125
2026-02-06,15540,15600,15170,15340,286906,-2.8499050031665614
2026-02-09,15620,15870,15500,15720,185479,2.4771838331160363
2026-02-10,15840,16260,15640,15800,228069,0.5089058524173028
2026-02-11,15870,16000,15700,15730,186129,-0.44303797468354433
2026-02-12,15800,15850,15310,15630,271322,-0.6357279084551812
2026-02-13,15470,15470,15130,15150,189296,-3.071017274472169
2026-02-19,15330,15700,15190,15620,372025,3.102310231023102
2026-02-20,15540,15990,15520,15710,190906,0.5761843790012804
2026-02-23,15850,15850,15360,15370,197203,-2.1642266072565244
2026-02-24,15280,15370,15160,15220,194341,-0.9759271307742355
2026-02-25,15340,15350,15040,15050,190234,-1.1169513797634691
2026-02-26,15160,15350,14720,14750,447669,-1.9933554817275747
2026-02-27,14710,14770,14500,14630,245705,-0.8135593220338984
2026-03-03,14620,14740,13820,13840,391603,-5.399863294600136
2026-03-04,13500,13800,12100,12110,631052,-12.5
2026-03-05,12660,13470,12310,12940,487343,6.85383980181668
2026-03-06,12720,13400,12690,13380,280472,3.400309119010819
2026-03-09,12700,13300,12500,13200,279566,-1.345291479820628
2026-03-10,13600,13650,13200,13300,262806,0.7575757575757576
2026-03-11,13330,13450,13030,13070,219960,-1.7293233082706767
2026-03-12,13070,13180,12900,13150,271922,0.612088752869166
2026-03-13,12960,13790,12810,13730,262391,4.410646387832699
2026-03-16,13620,13780,13380,13380,151128,-2.5491624180626364
2026-03-17,13510,13790,13400,13510,148119,0.9715994020926756
2026-03-18,13680,13680,13420,13540,136072,0.22205773501110287
2026-03-19,13240,13920,13210,13750,300799,1.55096011816839
2026-03-20,13790,14260,13750,13960,124973,1.5272727272727273
